Title,Genre,Premiere,Runtime,IMDB Score,Language,Language1,Language2,Language3
Moxie,Drama,2021-03-03,111,6.7,English,English,,
Biggie: I Got a Story to Tell,Documentary,2021-03-01,97,6.9,English,English,,
The Girl on the Train,Thriller,2021-02-26,120,4.4,Hindi,Hindi,,
Crazy About Her,Romantic comedy,2021-02-26,102,6.6,Spanish,Spanish,,
Geez & Ann,Romantic drama,2021-02-25,105,5.1,Indonesian,Indonesian,,
Pele,Documentary,2021-02-23,108,7,English,English,,
To All the Boys: Always and Forever,Romantic comedy,2021-02-12,109,6.3,English,English,,
Squared Love,Romantic comedy,2021-02-11,102,5,Polish,Polish,,
Red Dot,Thriller,2021-02-11,86,5.5,Swedish,Swedish,,
Layla Majnun,Romantic drama,2021-02-11,119,6.4,Indonesian,Indonesian,,
The Misadventures of Hedi and Cokeman,Comedy,2021-02-10,99,4.5,French,French,,
"Strip Down, Rise Up",Documentary,2021-02-05,112,5.2,English,English,,
The Last Paradiso,Romantic drama,2021-02-05,107,5.6,Italian,Italian,,
Space Sweepers,Science fiction,2021-02-05,136,6.6,Korean,Korean,,
Malcolm & Marie,Romantic drama,2021-02-05,106,6.7,English,English,,
Finding 'Ohana,Family,2021-01-29,123,6.1,English,English,,
Below Zero,Drama,2021-01-29,106,6.2,Spanish,Spanish,,
The Dig,Drama,2021-01-29,112,7.1,English,English,,
June & Kopi,Drama,2021-01-28,90,6.3,Indonesian,Indonesian,,
The White Tiger,Drama,2021-01-22,125,7.1,English,English,,
Outside the Wire,Action/Science fiction,2021-01-15,114,5.4,English,English,,
Double Dad,Comedy-drama,2021-01-15,103,5.6,Portuguese,Portuguese,,
Tribhanga – Tedhi Medhi Crazy,Drama,2021-01-15,95,6.1,Hindi,Hindi,,
What Would Sophia Loren Do?,Documentary,2021-01-15,32,6.6,English,English,,
The Heartbreak Club,Comedy-drama,2021-01-14,101,6.4,Indonesian,Indonesian,,
"Crack: Cocaine, Corruption & Conspiracy",Documentary,2021-01-11,89,6.7,English,English,,
Stuck Apart,Drama,2021-01-08,96,6.1,Turkish,Turkish,,
Pieces of a Woman,Drama,2021-01-07,126,7.1,English,English,,
Tony Parker: The Final Shot,Documentary,2021-01-06,98,6.8,French,French,,
What Happened to Mr. Cha?,Comedy,2021-01-01,102,4.3,Korean,Korean,,
The Minimalists: Less Is Now,Documentary,2021-01-01,53,5.9,English,English,,
Cops and Robbers,Animation / Short,2020-12-28,7,6.9,English,English,,
Death to 2020,Comedy,2020-12-27,70,6.8,English,English,,
We Can Be Heroes,Superhero,2020-12-25,100,4.7,English,English,,
AK vs AK,Thriller,2020-12-24,108,6.9,Hindi,Hindi,,
The Midnight Sky,Science fiction,2020-12-23,118,5.6,English,English,,
"Ariana Grande: Excuse Me, I Love You",Concert Film,2020-12-21,97,6.4,English,English,,
Ma Rainey's Black Bottom,Drama,2020-12-18,94,7,English,English,,
Ma Rainey's Black Bottom: A Legacy Brought to Screen,Aftershow / Interview,2020-12-18,31,7,English,English,,
A California Christmas,Romantic comedy,2020-12-14,107,5.8,English,English,,
The Prom,Musical,2020-12-11,132,5.9,English,English,,
Canvas,Animation / Short,2020-12-11,9,6.5,English,English,,
Giving Voice,Documentary,2020-12-11,90,6.7,English,English,,
Rose Island,Comedy,2020-12-09,117,7,Italian,Italian,,
Emicida: AmarElo - It's All For Yesterday,Documentary,2020-12-08,89,8.6,Portuguese,Portuguese,,
The Claus Family,Fantasy,2020-12-07,96,5.8,Dutch,Dutch,,
Leyla Everlasting,Comedy,2020-12-04,112,3.7,Turkish,Turkish,,
Christmas Crossfire,Thriller,2020-12-04,106,4.8,German,German,,
Mank,Biopic,2020-12-04,132,6.9,English,English,,
Just Another Christmas,Comedy,2020-12-03,101,6.7,Portuguese,Portuguese,,
Angela's Christmas Wish,Animation,2020-12-01,47,7.1,English,English,,
Finding Agnes,Drama,2020-11-30,105,4.7,Filipino,Filipino,,
The Call,Drama,2020-11-27,112,4.1,Korean,Korean,,
The Beast,Drama,2020-11-27,99,5.2,Italian,Italian,,
Dance Dreams: Hot Chocolate Nutcracker,Documentary,2020-11-27,80,7.1,English,English,,
The Christmas Chronicles: Part Two,Christmas comedy,2020-11-25,115,6,English,English,,
Shawn Mendes: Live in Concert,Concert Film,2020-11-25,87,7.4,English,English,,
Notes for My Son,Drama,2020-11-24,83,6.3,Spanish,Spanish,,
Hillbilly Elegy,Drama,2020-11-24,117,6.7,English,English,,
Shawn Mendes: In Wonder,Documentary,2020-11-23,83,6.6,English,English,,
Dolly Parton's Christmas on the Square,Christmas musical,2020-11-22,98,5.2,English,English,,
Alien Xmas,Stop Motion,2020-11-20,42,6.2,English,English,,
If Anything Happens I Love You,Animation / Short,2020-11-20,12,7.8,English,English,,
The Princess Switch: Switched Again,Romantic comedy,2020-11-19,97,5.4,English,English,,
Jingle Jangle: A Christmas Journey,Family/Christmas musical,2020-11-13,119,6.5,English,English,,
The Life Ahead,Drama,2020-11-13,95,6.8,Italian,Italian,,
Ludo,Anthology/Dark comedy,2020-11-12,149,7.6,Hindi,Hindi,,
What We Wanted,Drama,2020-11-11,93,5.8,German,German,,
Citation,Drama,2020-11-06,151,6.2,English,English,,
Operation Christmas Drop,Romantic comedy,2020-11-05,96,5.8,English,English,,
I'm No Longer Here: A Discussion with Guillermo del Toro and Alfonso Cuaron,Aftershow / Interview,2020-11-03,14,7,English,English,,
Kaali Khuhi,Mystery,2020-10-30,90,3.4,Hindi,Hindi,,
The Day of the Lord,Drama,2020-10-30,93,4.9,Spanish,Spanish,,
Rogue City,Crime drama,2020-10-30,116,6.1,French,French,,
His House,Thriller,2020-10-30,93,6.5,English,English,,
Nobody Sleeps in the Woods Tonight,Horror,2020-10-28,103,4.8,Polish,Polish,,
Holidate,Romantic comedy/Holiday,2020-10-28,104,6.1,English,English,,
Secrets of the Saqqara Tomb,Documentary,2020-10-28,114,7.3,English/Arabic,English,Arabic,
Sarah Cooper: Everything's Fine,Variety show,2020-10-27,49,5.6,English,English,,
Guillermo Vilas: Settling the Score,Documentary,2020-10-27,94,7.1,Spanish,Spanish,,
Over the Moon,Animation/Musical/Adventure,2020-10-23,95,6.4,English,English,,
Cadaver,Horror,2020-10-22,86,5.1,Norwegian,Norwegian,,
Rebecca,Romantic thriller,2020-10-21,123,6,English,English,,
The Trial of the Chicago 7,Drama,2020-10-16,130,7.8,English,English,,
Love Like the Falling Rain,Drama,2020-10-15,86,5,Indonesian,Indonesian,,
A Babysitter's Guide to Monster Hunting,Comedy/Fantasy/Family,2020-10-15,98,5.4,English,English,,
Rooting for Roona,Documentary,2020-10-15,41,7.1,Bengali,Bengali,,
Blackpink: Light Up the Sky,Documentary,2020-10-14,79,7.5,Korean,Korean,,
The Three Deaths of Marisela Escobedo,Documentary,2020-10-14,109,8.2,Spanish,Spanish,,
Octonauts & the Great Barrier Reef,Animation,2020-10-13,47,7.3,English,English,,
Ginny Weds Sunny,Romantic comedy,2020-10-09,125,5.7,Hindi,Hindi,,
The 40-Year-Old Version,Comedy,2020-10-09,124,7.2,English,English,,
Bigflo & Oil: Hip Hop Frenzy,Documentary,2020-10-08,100,6.9,French,French,,
Hubie Halloween,Comedy,2020-10-07,103,5.2,English,English,,
David Attenborough: A Life on Our Planet,Documentary,2020-10-04,83,9,English,English,,
The Binding,Drama,2020-10-02,93,4.7,Italian,Italian,,
Òlòt?ré,Crime drama,2020-10-02,106,5.5,English,English,,
Vampires vs. the Bronx,Horror comedy,2020-10-02,86,5.6,English,English,,
You've Got This,Romantic comedy,2020-10-02,111,5.8,Spanish,Spanish,,
Serious Men,Drama,2020-10-02,114,6.8,Hindi,Hindi,,
Dick Johnson Is Dead,Documentary,2020-10-02,90,7.5,English,English,,
All Because of You,Action comedy,2020-10-01,101,4.2,Malay,Malay,,
The Boys in the Band,Drama,2020-09-30,121,6.8,English,English,,
The Boys in the Band: Something Personal,Aftershow / Interview,2020-09-30,28,6.8,English,English,,
American Murder: The Family Next Door,Documentary,2020-09-30,82,7.2,English,English,,
A Love Song for Latasha,Documentary,2020-09-21,19,6.8,English,English,,
Whipped,Romantic comedy,2020-09-18,97,4.1,Indonesian,Indonesian,,
Dolly Kitty and Those Twinkling Stars,Drama,2020-09-18,120,5.4,Hindi,Hindi,,
GIMS: On the Record,Documentary,2020-09-17,96,6.8,French,French,,
The Paramedic,Thriller,2020-09-16,94,5.6,Spanish,Spanish,,
The Devil All the Time,Psychological thriller,2020-09-16,138,7.1,English,English,,
Hope Frozen: A Quest to Live Twice,Documentary,2020-09-15,80,6.7,Thia/English,Thia,English,
Dad Wanted,Family,2020-09-11,102,5.7,Spanish,Spanish,,
The Babysitter: Killer Queen,Comedy/Horror,2020-09-10,102,5.8,English,English,,
The Social Dilemma,Documentary,2020-09-09,94,7.6,English,English,,
My Octopus Teacher,Documentary,2020-09-07,85,8.1,English,English,,
I'm Thinking of Ending Things,Psychological thriller,2020-09-04,134,6.6,English,English,,
"Love, Guaranteed",Romantic comedy,2020-09-03,91,5.6,English,English,,
Freaks: You're One of Us,Supernatural drama,2020-09-02,92,5.4,German,German,,
Unknown Origins,Thriller,2020-08-28,96,6.1,Spanish,Spanish,,
All Together Now,Drama,2020-08-28,93,6.5,English,English,,
Rising Phoenix,Documentary,2020-08-26,106,8.1,English,English,,
Dark Forces,Thriller,2020-08-21,81,2.6,Spanish,Spanish,,
The Sleepover,Comedy,2020-08-21,103,5.6,English,English,,
Class of '83,Drama,2020-08-21,98,5.8,Hindi,Hindi,,
John Was Trying to Contact Aliens,Documentary,2020-08-20,16,6.4,English,English,,
The Crimes That Bind,Crime drama,2020-08-20,99,6.6,Spanish,Spanish,,
Crazy Awesome Teachers,Comedy-drama,2020-08-17,101,6.2,Indonesian,Indonesian,,
Fearless,Animation/Superhero,2020-08-14,89,4.9,English,English,,
Project Power,Superhero,2020-08-14,113,6,English,English,,
Octonauts & the Caves of Sac Actun,Animation,2020-08-14,72,6.2,English,English,,
Gunjan Saxena: The Kargil Girl,Drama,2020-08-12,112,5.3,Hindi,Hindi,,
Work It,Dance comedy,2020-08-07,93,6.1,English,English,,
Anelka: Misunderstood,Documentary,2020-08-05,94,6.4,French,French,,
Seriously Single,Comedy,2020-07-31,107,4.5,English,English,,
Raat Akeli Hai,Thriller,2020-07-31,149,7.3,Hindi,Hindi,,
The Speed Cubers,Documentary,2020-07-29,40,7.4,English,English,,
The Kissing Booth 2,Romantic comedy,2020-07-24,131,5.8,English,English,,
Offering to the Storm,Thriller,2020-07-24,139,6.2,Spanish,Spanish,,
The Larva Island Movie,Animation,2020-07-23,90,5.1,English,English,,
Father Soldier Son,Documentary,2020-07-17,100,7.3,English,English,,
Fatal Affair,Thriller,2020-07-16,89,4.5,English,English,,
The Players,Comedy,2020-07-15,88,4.6,Italian,Italian,,
We Are One,Documentary,2020-07-14,86,4.6,French,French,,
The Old Guard,Superhero/Action,2020-07-10,124,6.7,English,English,,
The Claudia Kishi Club,Documentary,2020-07-10,17,6.9,English,English,,
Mucho Mucho Amor: The Legend of Walter Mercado,Documentary,2020-07-08,96,7.3,Spanish/English,Spanish,English,
Desperados,Romantic comedy,2020-07-03,106,5.2,English,English,,
Under the Riccione Sun,Romantic teenage drama,2020-07-01,101,5.4,Italian,Italian,,
Eurovision Song Contest: The Story of Fire Saga,Musical comedy,2020-06-26,123,6.5,English,English,,
Nobody Knows I'm Here,Drama,2020-06-24,91,6.5,Spanish,Spanish,,
Bulbbul,Horror,2020-06-24,94,6.6,Hindi,Hindi,,
Athlete A,Documentary,2020-06-24,104,7.6,English,English,,
One-Way to Tomorrow,Romance,2020-06-19,90,5.6,Turkish,Turkish,,
Lost Bullet,Thriller,2020-06-19,92,6.2,French,French,,
Feel the Beat,Family/Comedy-drama,2020-06-19,107,6.3,English,English,,
Disclosure: Trans Lives on Screen,Documentary,2020-06-19,107,8.2,English,English,,
One Take,Documentary,2020-06-18,85,5.7,Thai,Thai,,
A Whisker Away,Anime/Fantasy,2020-06-18,104,6.7,Japanese,Japanese,,
Da 5 Bloods,War drama,2020-06-12,155,6.5,English,English,,
The Last Days of American Crime,Heist film/Thriller,2020-06-05,149,3.7,English,English,,
Choked: Paisa Bolta Hai,Drama,2020-06-05,114,5.8,Hindi,Hindi,,
Spelling the Dream,Documentary,2020-06-03,83,6.9,English,English,,
Intuition,Thriller,2020-05-28,116,5.3,Spanish,Spanish,,
I'm No Longer Here,Drama,2020-05-27,105,7.3,Spanish,Spanish,,
The Lovebirds,Romantic comedy,2020-05-22,87,6.1,English,English,,
Ben Platt: Live from Radio City Music Hall,Concert Film,2020-05-20,85,8.4,English,English,,
The Wrong Missy,Comedy,2020-05-13,90,5.7,English,English,,
Have a Good Trip: Adventures in Psychedelics,Documentary,2020-05-11,85,6.8,English,English,,
Becoming,Documentary,2020-05-06,89,6.8,English,English,,
Mrs. Serial Killer,Thriller,2020-05-01,106,4.8,Hindi,Hindi,,
All Day and a Night,Drama,2020-05-01,121,5.8,English,English,,
The Half of It,Romance,2020-05-01,105,6.9,English,English,,
Dangerous Lies,Thriller,2020-04-30,97,5.3,English,English,,
Rich in Love,Romantic comedy,2020-04-30,105,5.8,Portuguese,Portuguese,,
Murder to Mercy: The Cyntoia Brown Story,Documentary,2020-04-29,97,6.4,English,English,,
A Secret Love,Documentary,2020-04-29,82,7.9,English,English,,
Extraction,Action,2020-04-24,117,6.7,English,English,,
Time to Hunt,Thriller,2020-04-23,134,6.3,Korean,Korean,,
The Willoughbys,Animation/Comedy/Adventure,2020-04-22,90,6.4,English,English,,
Circus of Books,Documentary,2020-04-22,92,7.1,English,English,,
Earth and Blood,Action,2020-04-17,80,4.9,French,French,,
Rising High,Satire,2020-04-17,94,5.8,German,German,,
Sergio,Biopic,2020-04-17,118,6.1,English,English,,
The Main Event,Comedy,2020-04-10,101,4.8,English,English,,
Love Wedding Repeat,Romantic comedy,2020-04-10,100,5.5,English,English,,
Tigertail,Drama,2020-04-10,91,6.5,English/Taiwanese/Mandarin,English,Taiwanese,Mandarin
LA Originals,Documentary,2020-04-10,92,7.2,English,English,,
Coffee & Kareem,Action comedy,2020-04-03,88,5.1,English,English,,
Sol Levante,Anime / Short,2020-04-02,4,4.7,English,English,,
Maska,Romantic comedy,2020-03-27,111,5.9,Hindi,Hindi,,
The Decline,Thriller,2020-03-27,83,5.9,French,French,,
Uncorked,Drama,2020-03-27,103,6.3,English,English,,
The Occupant,Thriller,2020-03-25,103,6.4,Spanish,Spanish,,
Crip Camp: A Disability Revolution,Documentary,2020-03-25,108,7.7,English,English,,
Ultras,Sports film,2020-03-20,108,5.9,Italian,Italian,,
A Life of Speed: The Juan Manuel Fangio Story,Documentary,2020-03-20,92,6.8,Spanish,Spanish,,
Altered Carbon: Resleeved,Anime/Science fiction,2020-03-19,74,6.5,Japanese,Japanese,,
Lost Girls,Crime drama,2020-03-13,95,6.1,English,English,,
Sitara: Let Girls Dream,Animation / Short,2020-03-08,15,7.3,English,English,,
Guilty,Thriller,2020-03-06,119,5.4,Hindi,Hindi,,
Spenser Confidential,Action comedy,2020-03-06,111,6.2,English,English,,
All the Bright Places,Romance,2020-02-28,108,6.5,English,English,,
The Last Thing He Wanted,Political thriller,2020-02-21,115,4.3,English,English,,
Yeh Ballet,Drama,2020-02-21,117,7.6,Hindi,Hindi,,
Isi & Ossi,Romantic comedy,2020-02-14,113,6.4,German,German,,
To All the Boys: P.S. I Still Love You,Romantic comedy,2020-02-12,102,6,English,English,,
Road to Roma,Making-of,2020-02-11,72,7.7,Spanish,Spanish,,
Horse Girl,Drama,2020-02-07,104,5.9,English,English,,
Miss Americana,Documentary,2020-01-31,85,7.4,English,English,,
Airplane Mode,Comedy,2020-01-23,96,5,Portuguese,Portuguese,,
What Did Jack Do?,Drama / Short,2020-01-20,17,6.5,English,English,,
A Fall from Grace,Thriller,2020-01-17,120,5.9,English,English,,
Ghost Stories,Horror anthology,2020-01-01,144,4.3,Hindi,Hindi,,
El Pepe: A Supreme Life,Documentary,2019-12-27,73,7.1,Spanish,Spanish,,
The App,Science fiction/Drama,2019-12-26,79,2.6,Italian,Italian,,
Como Caído del Cielo,Musical comedy,2019-12-24,112,6.4,Spanish,Spanish,,
John Mulaney & the Sack Lunch Bunch,Variety show,2019-12-24,70,7.5,English,English,,
The Two Popes,Drama,2019-12-20,125,7.6,English,English,,
After the Raid,Documentary,2019-12-19,25,4.3,Spanish,Spanish,,
6 Underground,Action,2019-12-13,128,6.1,English,English,,
Marriage Story,Drama,2019-12-06,136,7.9,English,English,,
A Christmas Prince: The Royal Baby,Romantic comedy,2019-12-05,85,5.4,English,English,,
Porta dos Fundos: The First Temptation of Christ,Comedy,2019-12-03,46,4.6,Portuguese,Portuguese,,
Dead Kids,Thriller,2019-12-01,94,5.5,Filipino,Filipino,,
Holiday Rush,Family film,2019-11-28,94,4.9,English,English,,
The Irishman: In Conversation,Aftershow / Interview,2019-11-27,23,7.4,English,English,,
The Irishman,Crime drama,2019-11-27,209,7.8,English,English,,
The Knight Before Christmas,Romantic comedy,2019-11-21,92,5.5,English,English,,
"Bikram: Yogi, Guru, Predator",Documentary,2019-11-20,86,6.7,English,English,,
"Lorena, Light-Footed Woman",Documentary,2019-11-20,28,7,Spanish,Spanish,,
House Arrest,Comedy,2019-11-15,104,5.5,Hindi,Hindi,,
Earthquake Bird,Mystery,2019-11-15,107,5.9,English,English,,
Klaus,Animation/Christmas/Comedy/Adventure,2019-11-15,97,8.2,English,English,,
Let It Snow,Romantic comedy,2019-11-08,92,5.8,English,English,,
Drive,Action,2019-11-01,147,3.5,Hindi,Hindi,,
American Son,Drama,2019-11-01,90,5.8,English,English,,
Holiday in the Wild,Adventure-romance,2019-11-01,85,6.1,English,English,,
The King,Historical drama,2019-11-01,140,7.2,English,English,,
Fire in Paradise,Documentary,2019-11-01,39,7.4,English,English,,
The Road to El Camino: A Breaking Bad Movie,Making-of,2019-10-29,13,7.2,English,English,,
A 3 Minute Hug,Documentary,2019-10-28,28,6.5,English/Spanish,English,Spanish,
Little Miss Sumo,Documentary,2019-10-28,19,6.7,Japanese,Japanese,,
Rattlesnake,Horror,2019-10-25,85,4.6,English,English,,
It Takes a Lunatic,Documentary,2019-10-25,126,6.6,English,English,,
Dolemite Is My Name,Biopic,2019-10-25,118,7.3,English,English,,
Dancing with the Birds,Documentary,2019-10-23,51,8.3,English,English,,
Eli,Horror,2019-10-18,98,5.7,English,English,,
The Laundromat,Comedy-drama,2019-10-18,98,6.3,English,English,,
Upstarts,Drama,2019-10-18,112,6.7,Hindi,Hindi,,
Seventeen,Coming-of-age comedy-drama,2019-10-18,99,7.2,Spanish,Spanish,,
Tell Me Who I Am,Documentary,2019-10-18,85,7.6,English,English,,
Ghosts of Sugar Land,Documentary,2019-10-16,21,5.5,English,English,,
Street Flow,Drama,2019-10-12,96,6.4,French,French,,
The Forest of Love,Drama,2019-10-11,151,6.3,Japanese,Japanese,,
Fractured,Thriller,2019-10-11,100,6.4,English,English,,
El Camino: A Breaking Bad Movie,Crime drama,2019-10-11,121,7.3,English,English,,
In the Tall Grass,Horror,2019-10-04,101,5.4,English,English,,
In the Shadow of the Moon,Thriller,2019-09-27,115,6.2,English,English,,
Sturgill Simpson Presents: Sound & Fury,Animation / Musicial,2019-09-27,41,6.4,English,English,,
Birders,Documentary,2019-09-25,37,6.4,English/Spanish,English,Spanish,
Between Two Ferns: The Movie,Comedy,2019-09-20,82,6.1,English,English,,
Los Tigres del Norte at Folsom Prison,Documentary,2019-09-15,64,7,Spanish,Spanish,,
"Hello Privilege. It's Me, Chelsea",Documentary,2019-09-13,64,4.4,English,English,,
Tall Girl,Comedy-drama,2019-09-13,102,5.2,English,English,,
Evelyn,Documentary,2019-09-10,96,7.1,English,English,,
Back to School,Comedy,2019-08-30,83,5.3,French,French,,
Falling Inn Love,Romantic comedy,2019-08-29,97,5.6,English,English,,
Travis Scott: Look Mom I Can Fly,Documentary,2019-08-28,85,6.3,English,English,,
American Factory: A Conversation with the Obamas,Aftershow / Interview,2019-08-21,10,5.2,English,English,,
American Factory,Documentary,2019-08-21,110,7.4,English,English,,
Sextuplets,Comedy,2019-08-16,99,4.4,English,English,,
Invader Zim: Enter the Florpus,Animation / Science Fiction,2019-08-16,71,7.5,English,English,,
Lovefucked,Drama,2019-08-09,106,6,Hindi,Hindi,,
Rocko's Modern Life: Static Cling,Animation / Comedy,2019-08-09,45,7,English,English,,
Enter the Anime,Documentary,2019-08-05,58,2.5,English/Japanese,English,Japanese,
Otherhood,Comedy,2019-08-02,100,6.1,English,English,,
The Red Sea Diving Resort,Spy thriller,2019-07-31,130,6.6,English,English,,
The Great Hack,Documentary,2019-07-24,114,7.1,English,English,,
Secret Obsession,Thriller,2019-07-18,97,4.4,English,English,,
"Frankenstein's Monster's Monster, Frankenstein",Mockumentary,2019-07-16,32,5.9,English,English,,
Point Blank,Action,2019-07-12,86,5.7,English,English,,
Parchis: The Documentary,Documentary,2019-07-10,106,6.7,Spanish,Spanish,,
Anima,Musical / Short,2019-06-27,15,7.7,English,English,,
Beats,Drama,2019-06-19,110,7.1,English,English,,
The Edge of Democracy,Documentary,2019-06-19,121,7.2,Portuguese,Portuguese,,
Murder Mystery,Comedy mystery,2019-06-14,97,6,English,English,,
Life Overtakes Me,Documentary,2019-06-14,40,6.5,English/Swedish,English,Swedish,
Rolling Thunder Revue: A bob Dylan Story by Martin Scorsere,Documentary,2019-06-12,144,7.6,English,English,,
Elisa & Marcela,Romance,2019-06-07,118,6.6,Spanish,Spanish,,
The Black Godfather,Documentary,2019-06-07,118,7.4,English,English,,
Chopsticks,Comedy,2019-05-31,100,6.5,Hindi,Hindi,,
Always Be My Maybe,Romantic comedy,2019-05-31,102,6.8,English,English,,
After Maria,Documentary,2019-05-24,37,4.6,English/Spanish,English,Spanish,
Rim of the World,Science fiction adventure,2019-05-24,98,5.2,English,English,,
The Perfection,Horror-thriller,2019-05-24,90,6.1,English,English,,
The Lonely Island Presents: The Unauthorized Bash Brothers Experience,Comedy / Musical,2019-05-23,30,6.9,English,English,,
A Tale of Two Kitchens,Documentary,2019-05-22,30,6.3,English/Spanish,English,Spanish,
See You Yesterday,Science fiction,2019-05-17,87,5.2,English,English,,
ReMastered: The Lion's Share,Documentary,2019-05-17,84,7,English,English,,
Good Sam,Drama,2019-05-16,89,5.7,English,English,,
Still Laugh-In: The Stars Celebrate,Variety show,2019-05-14,60,5.2,English,English,,
Wine Country,Comedy,2019-05-10,103,5.5,English,English,,
Despite Everything,Comedy,2019-05-03,78,5.4,Spanish,Spanish,,
All in My Family,Documentary,2019-05-03,39,6.8,English/Mandarin,English,Mandarin,
Knock Down the House,Documentary,2019-05-01,87,7.1,English,English,,
ReMastered: Devil at the Crossroads,Documentary,2019-04-26,48,7,English,English,,
Grass Is Greener,Documentary,2019-04-20,97,7.1,English,English,,
Someone Great,Romantic comedy,2019-04-19,92,6.2,English,English,,
Music Teacher,Drama,2019-04-19,101,6.3,Hindi,Hindi,,
Brene Brown: The Call to Courage,Documentary,2019-04-19,76,7.7,English,English,,
Homecoming: A Film by Beyonce,Documentary,2019-04-17,137,7.5,English,English,,
Who Would You Take to a Deserted Island?,Drama,2019-04-12,93,5.3,Spanish,Spanish,,
The Perfect Date,Romantic comedy,2019-04-12,89,5.8,English,English,,
Unicorn Store,Comedy,2019-04-05,92,5.5,English,English,,
15 August,Comedy-drama,2019-03-29,124,5.8,Marathi,Marathi,,
The Legend of Cocaine Island,Documentary,2019-03-29,87,6.3,English,English,,
The Highwaymen,Crime drama,2019-03-29,131,6.9,English,English,,
ReMastered: The Miami Showband Massacre,Documentary,2019-03-22,70,7,English,English,,
The Dirt,Biopic,2019-03-22,108,7,English,English,,
Antoine Griezmann: The Making of a Legend,Documentary,2019-03-21,60,6.5,French,French,,
Triple Frontier,Action-thriller,2019-03-13,125,6.4,English,English,,
Juanita,Drama,2019-03-08,90,6,English,English,,
Walk. Ride. Rodeo.,Drama,2019-03-08,99,6.4,English,English,,
Paris Is Us,Romance drama,2019-02-22,83,4.6,French,French,,
Firebrand,Drama,2019-02-22,112,5.2,Marathi,Marathi,,
Paddleton,Drama-Comedy,2019-02-22,89,7.2,English,English,,
Period. End of Sentence.,Documentary,2019-02-12,26,7.4,English/Hindi,English,Hindi,
Kevin Hart's Guide to Black History,Variety show,2019-02-08,63,5.5,English,English,,
High Flying Bird,Sports-drama,2019-02-08,90,6.2,English,English,,
ReMastered: The Two Killings of Sam Cooke,Documentary,2019-02-08,64,7.3,English,English,,
Velvet Buzzsaw,Thriller,2019-02-01,112,5.7,English,English,,
Polar,Action,2019-01-25,118,6.3,English,English,,
IO,Science fiction/Drama,2019-01-18,95,4.7,English,English,,
Fyre: The Greatest Party That Never Happened,Documentary,2019-01-18,97,7.2,English,English,,
Soni,Crime drama,2019-01-18,97,7.2,Hindi,Hindi,,
The Last Laugh,Comedy-drama,2019-01-11,98,5.6,English,English,,
ReMastered: Massacre at the Stadium,Documentary,2019-01-11,64,7.3,English/Spanish,English,Spanish,
Lionheart,Comedy,2019-01-04,94,5.7,English,English,,
Taylor Swift: Reputation Stadium Tour,Concert Film,2018-12-31,125,8.4,English,English,,
Porta dos Fundos: The Last Hangover,Comedy,2018-12-21,44,6.3,Portuguese,Portuguese,,
Bird Box,Psychological thriller,2018-12-21,124,6.6,English,English,,
Struggle: The Life and Lost Art of Szukaiski,Documentary,2018-12-21,105,8,English,English,,
Springsteen on Broadway,One-man show,2018-12-16,153,8.5,English,English,,
Roma,Drama,2018-12-14,135,7.7,Spanish,Spanish,,
"Out of Many, One",Documentary,2018-12-12,34,5.7,English,English,,
5 Star Christmas,Comedy,2018-12-07,95,4.6,Italian,Italian,,
Mowgli: Legend of the Jungle,Adventure,2018-12-07,104,6.5,English,English,,
ReMastered: Who Killed Jam Master Jay?,Documentary,2018-12-07,58,6.6,English,English,,
The American Meme,Documentary,2018-12-07,98,6.6,English,English,,
A Christmas Prince: The Royal Wedding,Romantic comedy,2018-11-30,92,5.3,English,English,,
Rajma Chawal,Comedy-drama,2018-11-30,118,5.8,Hindi,Hindi,,
Angela's Christmas,Animation,2018-11-30,30,7.1,English,English,,
The Christmas Chronicles,Christmas/Fantasy/Adventure/Comedy,2018-11-22,104,7,English,English,,
Cam,Psychological horror,2018-11-16,94,5.9,English,English,,
The Princess Switch,Romantic comedy,2018-11-16,101,6,English,English,,
The Ballad of Buster Scruggs,Western,2018-11-16,132,7.3,English,English,,
Loudon Wainwright III: Surviving Twin,One-man show,2018-11-13,91,7.1,English,English,,
Outlaw King,Historical-epic,2018-11-09,121,6.9,English,English,,
The Holiday Calendar,Romantic comedy,2018-11-02,95,5.7,English,English,,
The Other Side of the Wind,Drama,2018-11-02,122,6.8,English,English,,
ReMastered: Tricky Dick & the Man in Black,Documentary,2018-11-02,58,7.1,English,English,,
They'll Love Me When I'm Dead,Documentary,2018-11-02,98,7.4,English,English,,
Been So Long,Musical,2018-10-26,100,5.5,English,English,,
Shirkers,Documentary,2018-10-26,97,7.4,English,English,,
The Night Comes for Us,Action-thriller,2018-10-19,121,7,Indonesian,Indonesian,,
Derren Brown: Sacrifice,Mentalism special,2018-10-19,49,7.1,English,English,,
Apostle,Horror-thriller,2018-10-12,129,6.3,English,English,,
ReMastered: Who Shot the Sheriff?,Documentary,2018-10-12,57,6.9,English,English,,
Feminists: What Were They Thinking?,Documentary,2018-10-12,86,7,English,English,,
22 July,Drama,2018-10-10,144,6.8,English,English,,
Private Life,Drama,2018-10-05,124,7.2,English,English,,
Hold the Dark,Thriller,2018-09-28,125,5.6,English,English,,
Notes from Dunblane: Lesson from a School Shooting,Documentary,2018-09-28,23,5.9,English,English,,
Two Catalonias,Documentary,2018-09-28,116,6.4,Spanish/Catalan,Spanish,Catalan,
Nappily Ever After,Comedy-drama,2018-09-21,98,6.4,English,English,,
Quincy,Documentary,2018-09-21,124,7.6,English,English,,
The Land of Steady Habits,Drama,2018-09-14,98,6.2,English,English,,
The Angel,Spy thriller,2018-09-14,114,6.6,English,English,,
Reversing Roe,Documentary,2018-09-13,99,7.5,English,English,,
On My Skin,Crime drama,2018-09-12,100,7.3,Italian,Italian,,
The Most Assassinated Woman in the World,Thriller,2018-09-07,102,5.3,French,French,,
Sierra Burgess Is a Loser,Romantic comedy-drama,2018-09-07,105,5.8,English,English,,
City of Joy,Documentary,2018-09-07,74,7.5,English,English,,
The After Party,Comedy,2018-08-24,89,5.8,English,English,,
To All the Boys I've Loved Before,Romantic comedy,2018-08-17,99,7.1,English,English,,
The Package,Black comedy,2018-08-10,94,5.5,English,English,,
Zion,Documentary,2018-08-10,11,7.2,English,English,,
Like Father,Comedy,2018-08-03,103,6.1,English,English,,
Long Live Brij Mohan,Comedy,2018-08-03,105,6.8,Hindi,Hindi,,
Extinction,Science fiction/Thriller,2018-07-27,95,5.8,English,English,,
The Bleeding Edge,Documentary,2018-07-27,100,7.6,English,English,,
Father of the Year,Comedy,2018-07-20,94,5.2,English,English,,
How It Ends,Action-thriller,2018-07-13,113,5,English,English,,
The Legacy of a Whitetail Deer Hunter,Adventure/Comedy,2018-07-06,83,5.5,English,English,,
TAU,Science fiction/Thriller,2018-06-29,97,5.8,English,English,,
Recovery Boys,Documentary,2018-06-29,89,6.6,English,English,,
Calibre,Thriller,2018-06-29,101,6.8,English,English,,
"To Each, Her Own",Romantic comedy,2018-06-24,95,5.3,French,French,,
Lust Stories,Drama,2018-06-15,120,6.5,Hindi,Hindi,,
Set It Up,Romantic comedy,2018-06-15,105,6.5,English,English,,
Alex Strangelove,Romantic comedy,2018-06-08,99,6.3,English,English,,
Ibiza,Comedy,2018-05-25,94,5.2,English,English,,
Cargo,Drama/Horror,2018-05-18,104,6.3,English,English,,
The Kissing Booth,Romantic comedy,2018-05-11,105,6,English,English,,
Forgive Us Our Debts,Drama,2018-05-04,104,6,Italian,Italian,,
End Game,Documentary,2018-05-04,40,7.1,English,English,,
Sometimes,Drama,2018-05-01,101,7.2,Tamil,Tamil,,
The Week Of,Comedy,2018-04-27,116,5.2,English,English,,
Candy Jar,Comedy,2018-04-27,92,5.8,English,English,,
The Rachel Divide,Documentary,2018-04-27,104,6.2,English,English,,
Dude,Teen comedy-drama,2018-04-20,97,5.1,English,English,,
Mercury 13,Documentary,2018-04-20,79,6.8,English,English,,
Come Sunday,Biopic,2018-04-13,106,6,English,English,,
I Am Not an Easy Man,Romantic comedy,2018-04-13,98,6.3,French,French,,
6 Balloons,Drama,2018-04-06,75,5.9,English,English,,
Amateur,Sports-drama,2018-04-06,96,5.9,English,English,,
"Ram Dass, Going Home",Documentary,2018-04-06,31,7.1,English,English,,
Happy Anniversary,Romantic comedy,2018-03-30,78,5.8,English,English,,
First Match,Sports-drama,2018-03-30,102,6.4,English,English,,
Paradox,Musical/Western/Fantasy,2018-03-23,73,3.9,English,English,,
"Game Over, Man!",Action/Comedy,2018-03-23,101,5.4,English,English,,
Roxanne Roxanne,Biopic,2018-03-23,98,6.2,English,English,,
Benji,Family film,2018-03-16,87,6.3,English,English,,
Take Your Pills,Documentary,2018-03-16,87,6.4,English,English,,
The Outsider,Crime drama,2018-03-09,120,6.3,English/Japanese,English,Japanese,
Ladies First,Documentary,2018-03-08,39,7.2,English/Hindi,English,Hindi,
Mute,Science fiction/Mystery,2018-02-23,126,5.5,English,English,,
Irreplaceable You,Drama,2018-02-16,96,6.4,English,English,,
Love per Square Foot,Romantic comedy,2018-02-14,133,7.2,Hindi,Hindi,,
When We First Met,Romantic comedy,2018-02-09,97,6.4,English,English,,
The Trader,Documentary,2018-02-09,23,6.8,Georgian,Georgian,,
Seeing Allred,Documentary,2018-02-09,95,6.9,English,English,,
The Cloverfield Paradox,Science fiction,2018-02-04,102,5.5,English,English,,
A Futile and Stupid Gesture,Biographical/Comedy,2018-01-26,101,6.8,English,English,,
The Open House,Horror thriller,2018-01-19,94,3.2,English,English,,
Step Sisters,Comedy,2018-01-19,108,5.5,English,English,,
The Polka King,Comedy-drama,2018-01-12,95,5.9,English,English,,
Bright,Urban fantasy,2017-12-22,117,6.3,English,English,,
Christmas Inheritance,Romantic drama,2017-12-15,104,5.7,English,English,,
El Camino Christmas,Dark comedy,2017-12-08,89,5.7,English,English,,
Voyuer,Documentary,2017-12-01,95,6.2,English,English,,
Cuba and the Cameraman,Documentary,2017-11-24,114,8.3,English,English,,
"Barbra: The Music, The Mem'ries, The Magic!",Concert Film,2017-11-22,108,7.5,English,English,,
Saving Capitalism,Documentary,2017-11-21,73,6.8,English,English,,
A Christmas Prince,Romantic comedy,2017-11-17,92,5.8,English,English,,
"Jim & Andy: The Great Beyond - Featuring a Very Special, Contractually Obligated Mention of Tony Cliffton",Documentary,2017-11-17,94,7.7,English,English,,
The Killer,Western,2017-11-10,99,6.1,Portuguese,Portuguese,,
Joan Didion: The Center Will Not Hold,Documentary,2017-10-27,98,7.5,English,English,,
1922,Horror/Crime drama,2017-10-20,102,6.3,English,English,,
Wheelman,Action thriller,2017-10-20,82,6.4,English,English,,
One of Us,Documentary,2017-10-20,95,7.1,English,English,,
The Babysitter,Teen comedy horror,2017-10-13,85,6.3,English,English,,
The Meyerowitz Stories (New and Selected),Comedy-drama,2017-10-13,112,6.9,English,English,,
Kingdom of Us,Documentary,2017-10-13,109,7,English,English,,
Bomb Scared,Black comedy,2017-10-12,89,5.6,Spanish/Basque,Spanish,Basque,
The Death and Life of Marsha P. Johnson,Documentary,2017-10-06,105,7.3,English,English,,
Gerald's Game,Horror thriller,2017-09-29,103,6.5,English,English,,
Our Souls at Night,Romance,2017-09-29,103,6.9,English,English,,
Long Shot,Documentary,2017-09-29,40,7.4,English,English,,
Gaga: Five Foot Two,Documentary,2017-09-22,100,7,English,English,,
Strong Island,Documentary,2017-09-15,107,6.4,English,English,,
First They Killed My Father,Drama,2017-09-15,136,7.2,Khmer/English/French,Khmer,English,French
Heroin(e),Documentary,2017-09-12,39,6.8,English,English,,
#REALITYHIGH,Comedy,2017-09-08,99,5.2,English,English,,
Little Evil,Comedy horror,2017-09-01,94,5.7,English,English,,
Resurface,Documentary,2017-09-01,27,7,English,English,,
Death Note,Horror thriller,2017-08-25,100,4.4,English,English,,
Naked,Comedy,2017-08-11,96,5.4,English,English,,
Icarus,Documentary,2017-08-04,120,7.9,English,English,,
The Incredible Jessica James,Comedy,2017-07-28,83,6.5,English,English,,
To the Bone,Drama,2017-07-14,107,6.8,English,English,,
Chasing Coral,Documentary,2017-07-14,89,8.1,English,English,,
Okja,Action-adventure,2017-06-28,121,7.3,English/Korean,English,Korean,
Nobody Speak: Trials of the Free Press,Documentary,2017-06-23,95,6.5,English,English,,
CounterPunch,Documentary,2017-06-16,91,6.7,English,English,,
Shimmer Lake,Crime thriller,2017-06-09,86,6.3,English,English,,
War Machine,War-Comedy,2017-05-26,122,6,English,English,,
Joshua: Teenager vs. Superpower,Documentary,2017-05-26,78,7.1,English,English,,
Blame!,Anime/Science fiction,2017-05-20,106,6.7,Japanese,Japanese,,
Laerte-se,Documentary,2017-05-19,100,6.9,Portuguese,Portuguese,,
Get Me Roger Stone,Documentary,2017-05-12,101,7.3,English,English,,
Handsome: A Netflix Mystery Movie,Comedy,2017-05-05,81,5.2,English,English,,
The Mars Generation,Documentary,2017-05-05,97,6.4,English,English,,
Rodney King,One-man show,2017-04-28,52,5.8,English,English,,
Small Crimes,Dark comedy,2017-04-28,95,5.8,English,English,,
Casting JonBenet,Documentary,2017-04-28,80,6.1,English,English,,
Sand Castle,War,2017-04-21,113,6.3,English,English,,
Tramps,Romance,2017-04-21,83,6.5,English,English,,
Sandy Wexler,Comedy,2017-04-14,131,5.2,English,English,,
Win It All,Comedy,2017-04-07,88,6.2,English,English,,
The Discovery,Science fiction/Drama,2017-03-31,102,6.3,English,English,,
The Most Hated Woman in America,Biopic,2017-03-24,92,6.1,English,English,,
Deidra & Laney Rob a Train,Drama,2017-03-17,94,6.1,English,English,,
Burning Sands,Drama,2017-03-10,102,6.1,English,English,,
I Don't Feel at Home in This World Anymore,Drama,2017-02-24,96,6.9,English,English,,
Girlfriend's Day,Comedy,2017-02-14,70,5.2,English,English,,
"Michael Bolton's Big, Sexy, Valentine's Day Special",Variety Show,2017-02-07,54,6.7,English,English,,
Imperial Dreams,Drama,2017-02-03,87,6.7,English,English,,
iBoy,Science fiction/Thriller,2017-01-27,90,6,English,English,,
13th: A Conversation with Oprah Winfrey & Ava DuVernay,Aftershow / Interview,2017-01-26,36,7.1,English,English,,
Take the 10,Comedy,2017-01-20,80,4.8,English,English,,
Clinical,Thriller,2017-01-13,104,5.1,English,English,,
Coin Heist,Heist,2017-01-06,97,4.8,English,English,,
Barry,Biopic,2016-12-16,104,5.8,English,English,,
Spectral,Science fiction/Action,2016-12-09,108,6.3,English,English,,
Mercy,Thriller,2016-11-22,90,4.2,English,English,,
True Memoirs of an International Assassin,Action comedy,2016-11-11,98,5.9,English,English,,
The Ivory Game,Documentary,2016-11-04,112,7.9,English,English,,
I Am the Pretty Thing That Lives in the House,Horror,2016-10-28,89,4.6,English,English,,
7 años,Drama,2016-10-28,76,6.8,Spanish,Spanish,,
Into the Inferno,Documentary,2016-10-28,107,7.2,English,English,,
Sky Ladder: The Art of Cai Guo-Qiang,Documentary,2016-10-14,79,7.3,English/Mandarin,English,Mandarin,
Mascots,Mockumentary,2016-10-13,95,5.8,English,English,,
Justin Timberlake + The Tennessee Kids,Concert Film,2016-10-12,90,7.7,English,English,,
The Siege of Jadotville,War,2016-10-07,108,7.2,English,English,,
13th,Documentary,2016-10-07,100,8.2,English,English,,
Amanda Knox,Documentary,2016-09-30,92,6.9,English,English,,
Audrie & Daisy,Documentary,2016-09-23,98,7.2,English,English,,
ARQ,Science fiction/Thriller,2016-09-16,88,6.4,English,English,,
The White Helmets,Documentary,2016-09-16,40,7.5,English,English,,
Extremis,Documentary,2016-09-13,24,7.3,English,English,,
XOXO,Drama,2016-08-26,92,5.3,English,English,,
I'll Sleep When I'm Dead,Documentary,2016-08-19,79,6.6,English,English,,
Tallulah,Comedy-drama,2016-07-29,111,6.7,English,English,,
Rebirth,Thriller,2016-07-15,100,5,English,English,,
Tony Robbins: I Am Not Your Guru,Documentary,2016-07-15,116,6.7,English,English,,
Brahman Naman,Comedy,2016-07-07,95,5.6,English,English,,
The Fundamentals of Caring,Comedy-drama,2016-06-24,97,7.3,English,English,,
The Do-Over,Action comedy,2016-05-27,108,5.7,English,English,,
Special Correspondents,Satire,2016-04-29,100,5.8,English,English,,
Team Foxcatcher,Documentary,2016-04-29,90,7.3,English/Russian,English,Russian,
Pee-wee's Big Holiday,Adventure,2016-03-18,89,6.1,English,English,,
My Beautiful Broken Brain,Documentary,2016-03-18,91,7.1,English,English,,
The Ridiculous 6,Western,2015-12-11,119,4.8,English,English,,
A Very Murray Christmas,Comedy / Musical,2015-12-04,56,5.5,English,English,,
Beasts of No Nation,War drama,2015-10-16,136,7.7,English/Akan,English,Akan,
Winter on Fire: Ukraine's Fight for Freedom,Documentary,2015-10-09,91,8.4,English/Ukranian/Russian,English,Ukranian,Russian
Keith Richards: Under the Influence,Documentary,2015-09-18,81,7.1,English,English,,
Tig,Documentary,2015-07-17,80,7.4,English,English,,
"What Happened, Miss Simone?",Documentary,2015-06-26,84,7.6,English,English,,
Hot Girls Wanted,Documentary,2015-05-29,84,6.1,English,English,,
The Other One: The Long Strange Trip of Bob Weir,Documentary,2015-05-22,83,7.3,English,English,,
My Own Man,Documentary,2014-12-13,81,6.4,English,English,,